{
    "nf1": 2,
    "nf2": 72,
    "nf3": 52,
    "nf4": 47,
    "cw1": 2,
    "cw2": 3,
    "cw3": 4,
    "pw1": 5,
    "pw2": 3,
    "pw3": 5,
    "dropout_0": 0.3086925821568639,
    "dropout_1": 0.35487608018721334,
    "batch_size": 64,
    "lr": 0.00199
}