{
    "nf1": 4,
    "nf2": 35,
    "nf3": 97,
    "nf4": 64,
    "cw1": 6,
    "cw2": 4,
    "cw3": 3,
    "pw1": 2,
    "pw2": 6,
    "pw3": 3,
    "dropout_0": 0.3336341227788137,
    "dropout_1": 0.3004178704640792,
    "batch_size": 128,
    "lr": 0.00206
}