{
    "nf1": 4,
    "nf2": 13,
    "nf3": 70,
    "nf4": 32,
    "cw1": 6,
    "cw2": 5,
    "cw3": 2,
    "pw1": 2,
    "pw2": 4,
    "pw3": 4,
    "dropout_0": 0.4977568254412809,
    "dropout_1": 0.4461118985588658,
    "batch_size": 64,
    "lr": 0.00079
}