{
    "nf1": 3,
    "nf2": 5,
    "nf3": 30,
    "nf4": 73,
    "cw1": 2,
    "cw2": 4,
    "cw3": 5,
    "pw1": 2,
    "pw2": 2,
    "pw3": 2,
    "dropout_0": 0.2898748438974488,
    "dropout_1": 0.4384325800639881,
    "batch_size": 64,
    "lr": 0.0014700000000000002
}