{
    "nf1": 2,
    "nf2": 77,
    "nf3": 32,
    "nf4": 11,
    "cw1": 5,
    "cw2": 3,
    "cw3": 2,
    "pw1": 5,
    "pw2": 3,
    "pw3": 3,
    "dropout_0": 0.3892920174208512,
    "dropout_1": 0.3111118254921894,
    "batch_size": 32,
    "lr": 0.00152
}