{
    "nf1": 2,
    "nf2": 8,
    "nf3": 22,
    "nf4": 19,
    "cw1": 6,
    "cw2": 2,
    "cw3": 6,
    "pw1": 3,
    "pw2": 3,
    "pw3": 5,
    "beta": 0.7255938303696703,
    "num_step": 5,
    "batch_size": 64,
    "lr": 0.00111
}