{
    "nf1": 3,
    "nf2": 98,
    "nf3": 51,
    "nf4": 87,
    "cw1": 6,
    "cw2": 6,
    "cw3": 2,
    "pw1": 2,
    "pw2": 3,
    "pw3": 5,
    "beta": 0.7850928281882603,
    "num_step": 30,
    "batch_size": 32,
    "lr": 0.00203
}