{
    "nf1": 4,
    "nf2": 3,
    "nf3": 85,
    "nf4": 51,
    "cw1": 4,
    "cw2": 4,
    "cw3": 5,
    "pw1": 5,
    "pw2": 4,
    "pw3": 5,
    "beta": 0.7658493300661768,
    "num_step": 15,
    "batch_size": 128,
    "lr": 0.0009000000000000001
}