{
    "nf1": 2,
    "nf2": 3,
    "nf3": 5,
    "nf4": 73,
    "cw1": 2,
    "cw2": 2,
    "cw3": 6,
    "pw1": 4,
    "pw2": 6,
    "pw3": 4,
    "beta": 0.9038341669479069,
    "num_step": 10,
    "batch_size": 32,
    "lr": 0.00108
}