{
    "nf1": 5,
    "nf2": 23,
    "nf3": 53,
    "nf4": 93,
    "cw1": 4,
    "cw2": 6,
    "cw3": 5,
    "pw1": 3,
    "pw2": 4,
    "pw3": 6,
    "beta": 0.8384691351547079,
    "num_step": 5,
    "batch_size": 32,
    "lr": 0.00238
}